{
    "THE-DECK": {
        "roomName": "The Deck",
        "floor": 1,
        "location": {
            "x": 103.77256436002068,
            "y": 1.2944483789971617
        }
    }
}